{"cameraMode":{"drawMode":0,"name":"Shaded","section":"Shading Mode"},"sceneLighting":false,"audioPlay":false,"sceneViewState":{"showFog":true,"showMaterialUpdate":false,"showSkybox":false,"showFlares":true,"showImageEffects":true,"showParticleSystems":true},"in2DMode":false,"pivot":{"x":0.009372473694384098,"y":0.0047061145305633549,"z":0.1831769049167633},"rotation":{"x":-0.22877196967601777,"y":0.2869304120540619,"z":-0.07075517624616623,"w":-0.9275572896003723},"size":0.4938391447067261,"orthographic":false}